drug,median_log1p_edist,mean_log1p_edist,n_comparisons_edist
(R)-Verapamil (hydrochloride),2.355816823285531,2.201552428508483,192
(S)-Crizotinib,2.652297996819417,2.4669473876593373,143
18β-Glycyrrhetinic acid,2.112623459010985,2.0660046988842233,192
4EGI-1,2.265470967035163,2.239552827387531,141
5-Azacytidine,2.1698063797031306,2.08349857700857,142
5-Fluorouracil,2.0830316816772667,2.00752932692624,144
8-Hydroxyquinoline,1.842155856845152,1.8402392310202702,192
9-ING-41,3.5946955761114094,3.4461781311402295,143
APTO-253,2.519817744419737,2.4821888152228064,143
AT7519,1.799411777856792,1.8053134504304336,143
AZD-7648,3.1154041874214498,3.256162337328864,139
AZD-8055,2.5160694209600303,2.430099440580123,144
AZD1390,2.6519878468866565,2.60339068523566,142
AZD2858,2.2045411786014677,2.3667222595214175,136
Abemaciclib,3.369752861939654,3.287401237081339,144
Abiraterone acetate,1.7938006959077704,1.8027254502668508,144
Acetazolamide,2.168439070001736,2.068847489589745,143
Acetohexamide,2.114990567173192,2.106662166150319,190
Adagrasib,1.3325905268672942,1.3962552943800175,667
Adenine,1.9592580758247606,1.9336585290082888,191
Adenosine,1.7358547234589232,1.6273113998926176,191
Afatinib,1.9200719990701602,2.0672289774202084,334
Aliskiren,1.8380449354567143,1.7955703453046212,192
Allantoin,2.460922841985677,2.252787635556548,192
Allopurinol,2.103111169935863,2.1776772365948394,144
Almonertinib (hydrochloride),2.2167034921930586,2.183143292706553,192
Almonertinib (mesylate),2.53909231049537,2.330221754064111,191
Alpelisib,1.892143124482795,1.936564494176152,142
Altretamine,2.198481139575206,2.1502674163732487,142
Amsacrine,2.403228147482561,2.449175497031738,192
Anastrozole,1.6972688137062732,1.6279770154819013,144
Anethole trithione,2.4920752143138545,2.4210318424447514,192
Apalutamide,2.265292421187757,2.0732719854797876,141
Aprepitant,2.1711603427620694,2.260714390083975,143
Arbutin,1.1619601066058909,1.1353385435606385,141
Artemether,2.2544244958520245,2.2433148338326685,144
Artesunate,2.599161159305441,2.576908955577156,192
Asciminib,2.3539143327988827,2.4392384388402886,143
Aspirin,1.9428131784050642,1.8221380604110513,144
Ataluren,1.7411357639398335,1.6644066796438763,144
Atazanavir (sulfate),2.81882620301421,2.7952550788977946,144
Auranofin,3.002403189537219,3.285627947624315,143
Azithromycin (hydrate),2.3227671273808026,2.272283438942681,192
BAY1125976,4.100104870303891,3.5810643388542513,144
BI-3406,2.5117844958876456,2.4966058599136987,144
BI-78D3,3.116638273571496,3.2067188539144,143
Baicalin,2.0784166151254855,1.8862897874877655,192
Balsalazide (sodium hydrate),2.0192366091624177,1.9422426402399156,191
Belinostat,3.222552397849136,3.493783694327608,142
Belumosudil,2.1067488884737617,2.1409713722854264,190
Belumosudil (mesylate),2.5686551097262815,2.481539411509935,144
Belzutifan,2.8745642133648874,2.961610392918581,103
Bendamustine,1.4659941422317322,1.4679314335436038,143
Benproperine (phosphate),2.598653779292589,2.500838928278136,142
Bentamapimod,3.4286231406626753,3.1236089818809036,143
Benztropine (mesylate),1.9553617377886836,1.8471905120803287,144
Berbamine,2.614169242648893,2.4092426473637483,240
Berbamine (dihydrochloride),1.744971096130909,1.8772836824406811,191
Berberine (chloride hydrate),2.0421077852608978,1.9146556704786712,192
Bergenin,1.9272591843057567,1.815922412315843,192
Bestatin,2.145329867052607,2.1488876222902635,142
Bestatin (hydrochloride),2.1051384772100326,2.0003273900422616,143
Betamethasone dipropionate,2.2396235408795975,2.211850144358297,141
Bexarotene,2.2017089228868167,2.176262118843491,144
Bicalutamide,1.4940511027428536,1.4675578113668055,144
Bimatoprost,2.2925050499969784,2.3543882023171405,192
Bimiralisib,4.282283369404625,3.9391280795436083,143
Binimetinib,2.7157478807946736,2.7827776079353352,285
Bisoprolol (hemifumarate),2.0364191033015233,2.029009067606511,141
Bortezomib,4.625430532698922,4.630035861787543,137
Bosentan (hydrate),2.5021531925437723,2.505594147683695,141
Brimonidine,2.1506670936081833,2.0666311415144625,143
Brivudine,3.7610237219005427,3.3452052287561598,144
Budesonide,2.786745124836988,2.7877983396465575,144
Busulfan,2.38001707796607,2.3312446747979814,192
CP21R7,2.1964436747815865,2.3487626890433853,140
Cabozantinib (S-malate),1.9430078203032566,1.914049263820508,142
Canagliflozin,2.7303340698408545,2.676329928621275,141
Canagliflozin (hemihydrate),2.294842460457335,2.2244483999107145,140
Capivasertib,2.2491969726893175,2.1082792229464062,141
Capmatinib,2.476429400961095,2.4771030029699705,141
Captopril,1.803242011289673,1.648410218608422,189
Carbamazepine,2.344423437444468,2.18296289436515,141
Carbidopa (monohydrate),0.9340402896955331,0.9538958465164223,48
Celecoxib,2.439259151984454,2.7621866923179863,142
Cepharanthine,1.6193942033588218,1.6023360394124186,190
Chlorhexidine (diacetate),1.9145577905214153,2.0348276651503148,240
Ciclopirox,2.0051746596430506,2.1453681088249286,192
Cilostazol,2.7023926633942104,2.589497076219321,143
Cinacalcet,1.4878402497527279,1.5177356848582824,143
Citalopram (hydrobromide),1.6310153448285618,1.5392054149402696,142
Clobetasol propionate,2.4717758171724955,2.353745941928164,141
Clofarabine,2.486252659063462,2.3694068425946115,142
Clonidine (hydrochloride),2.207073547810361,2.117125766389242,192
Clopidogrel,2.536416105961736,2.3296572446175694,144
Clotrimazole,2.033052342737937,2.0027848684898255,192
Cloxacillin (sodium),1.9291994728002841,1.8944400703098772,192
Cobimetinib,2.587975043181584,2.6020999128953624,141
Crizotinib (hydrochloride),2.2837790007520944,2.0948261127883723,143
Cyclosporin A,2.0314234734758596,2.0200208061393883,142
Cysteamine (hydrochloride),1.5235929258835932,1.4281419944414138,191
Cytarabine,2.326696725803137,2.3482925293073915,190
Cytarabine (hydrochloride),2.3734682992410607,2.360798789389769,141
DT-061,2.530151079216081,2.5676477369271202,140
DTP3,2.5422323713550155,2.5076398342760804,143
Dabrafenib,3.1027706203415857,3.1221473788772296,144
Daidzin,1.7721708877672144,1.9365053694991694,192
Dapagliflozin,1.2662836576128154,1.1448348467396694,141
"Dapagliflozin ((2S)-1,2-propanediol, hydrate)",2.333830080882514,2.3525963700154344,140
Daptomycin,2.27804846880431,2.3839805609665445,48
Darinaparsin,2.224417388608633,2.2279856084744862,189
Darolutamide,2.8245768160552163,2.5014925624256517,144
Decitabine,3.332166357307152,3.002963260152951,141
Delamanid,1.8085950362324126,1.688289115547678,143
Demeclocycline,1.7425254682842448,1.64808548002911,191
Dexamethasone,2.335268157965637,2.3224491487952914,142
Dexmedetomidine,1.9345613131542307,1.9384209639030017,142
Diammonium Glycyrrhizinate,2.29507256955204,2.2063974073707633,192
Digitoxin,4.42538345405656,4.30881256924552,142
Dihydroartemisinin,1.6862478977231763,1.7449221493293723,143
Dimethyl fumarate,1.6907206633635194,1.7889230553760036,143
Dinaciclib,5.763222420075023,5.692804630285199,126
Diphenhydramine,3.2374423020336796,2.9217066785221255,144
Docetaxel,2.4707206867602904,2.7380579992492007,189
Docetaxel (Trihydrate),3.086890936865954,2.638731914651184,142
Dorzolamide (hydrochloride),2.6313606072372333,2.5122042599912713,143
Doxorubicin (hydrochloride),2.4082488333294103,2.701546322349414,142
Doxycycline (monohydrate),2.2358860327140024,2.1616320235658515,141
Drospirenone,1.5398081711980036,1.4911539064383272,143
ERK5-IN-2,3.723277196070832,3.5610669452186605,143
ETC-206,1.6581306743874928,1.6993934097577916,144
EX229,3.7489080522155915,3.5850931996166753,142
Econazole,2.158600795045653,2.100190448116416,144
Edoxaban (tosylate monohydrate),1.4992043114317755,1.490492956985425,48
Elagolix sodium,2.1595788097349216,2.0281366886726095,190
Elimusertib hydrochloride,3.027851321143255,2.9489459804163554,139
Encorafenib,3.0651051372530893,2.875158079750324,96
Entecavir (monohydrate),2.3818168241748654,2.417036109416356,143
Entrectinib,2.619331104519322,2.494323445003763,142
Epirubicin (hydrochloride),2.4922829646856304,2.6989391869631216,141
Eplerenone,1.461738573247731,1.4338711565494502,142
Erdafitinib ,2.0468976544530992,2.0345410950921035,96
Erlotinib,2.7773916371228817,2.7627800107383207,143
Erythromycin,2.0079167660534094,1.8935616605118268,144
Esmolol (hydrochloride),1.9808541529294663,1.9436714846036236,143
Estrone sulfate (potassium),2.549349128193737,2.4398228913104747,142
Everolimus,2.310233139112426,2.2728732568365717,144
Fedratinib (hydrochloride hydrate),2.665679100727349,2.3939228701978257,144
Fenofibrate,2.4942615811096087,2.2057080356222594,143
Ferulic acid,2.4722949147333635,2.4759733556254457,141
Filgotinib,1.705197600600263,1.6276574733034184,144
Finasteride,2.3375781616069005,2.435719663210837,141
Fingolimod (hydrochloride),1.975100785664928,2.1410478330838347,143
Flumatinib (mesylate),2.315239301582032,2.2246325776352514,190
Flutamide,2.3232827985396156,2.205341776659636,142
Fluvoxamine,2.7356191682391433,2.65360047659849,142
Fluvoxamine (maleate),2.237523879718476,2.077472280809528,191
Folic acid,2.065256461088924,1.9046429679758663,191
Fostamatinib (disodium hexahydrate),1.3284740079739636,1.1875826140103072,48
Fulvestrant,2.03021306790563,1.96964793557074,143
Fumaric acid,1.843044598718635,1.940978089995627,191
Furosemide,1.5875446562139826,1.5718813661502804,191
Fusidic acid,1.7624922030502208,1.69340608973759,193
Futibatinib,2.8107813598559863,2.623948162780142,141
GSK1059615,4.292810046062874,3.6953899901871305,143
Gallic acid,1.9037020553372952,1.8680935388782784,191
Gallic acid (hydrate),2.392831458079252,2.3279770619416635,192
Gefitinib,1.881360325689182,1.8160746872249038,144
Gemcitabine,2.5260811866705017,2.431499421150662,145
Gemfibrozil,2.6020121696912737,2.3223341127240014,192
Glasdegib,1.9370275477702472,1.8423330916880587,48
Glycyrrhizic acid,2.0473851861991315,2.032794617410008,141
Goserelin (acetate),2.241835686199553,2.1751365451540217,192
HI-TOPK-032,3.3822633994527114,3.287409444171513,140
Harringtonine,4.722109944377968,4.350900573080561,142
Hesperidin,2.135980371838456,2.0978619792113533,143
Hexylresorcinol,2.0907948191291057,2.029714818024453,192
Homoharringtonine,5.907570862381705,5.409199457216074,187
Hydroxyfasudil,2.660727701020028,2.7124849319032838,143
Hydroxyurea,1.8401330790762274,2.070380514484342,138
IQ 1,2.424929594484408,2.398743035780967,141
Idarubicin (hydrochloride),4.500952814388249,4.051490748308877,190
Idoxuridine,2.59243460753785,2.609495573937375,144
Imiquimod (hydrochloride),2.353007383206963,2.314662626183419,142
Imiquimod (maleate),2.0185946867216913,1.9684100951297705,139
Indacaterol (maleate),2.350973421869231,2.412822812343327,144
Infigratinib,2.842540541458753,2.740722248514849,144
Ipatasertib,3.9014164338957253,3.6093671199312554,143
Irinotecan,2.369189522519681,2.392141093722923,143
Irinotecan (hydrochloride),2.5540715699959557,2.5050561728673357,191
Isocorydine,1.9644412984216069,1.911103039214603,191
Ivabradine (hydrochloride),1.2423999725578736,1.2452760571143118,48
Ivermectin,1.6529304675397072,1.5886810857476181,142
Ixazomib,2.5814315803180587,2.552225957502871,141
Ixazomib citrate,4.103716207744009,3.623390433149766,142
L-Eflornithine (monohydrochloride),2.4341181656303132,2.3635433247205166,143
L-Thyroxine (sodium salt pentahydrate),2.1073079420584313,2.058367223642175,144
LB-100,2.009948035051121,2.0441631130347324,144
LJI308,3.1343539532328935,3.0587742013110595,142
LY-2584702 (tosylate salt),3.9473176978271054,3.3376894237059744,136
LY2090314,2.094054719049436,2.0689397944640304,144
Lactate (calcium),2.408254036280872,2.3383024041276728,144
Lapatinib ditosylate,1.9328057103323826,1.9175361790784538,143
Larotrectinib,2.3965129025172622,2.342181931825738,190
Larotrectinib sulfate,2.0017974544938664,1.9651605986878067,48
Lenalidomide (hemihydrate),2.3764227318665663,2.340687704682646,191
Levobupivacaine (hydrochloride),2.2692313215981814,2.213113571527068,142
Lidocaine (hydrochloride),2.9990550018665276,2.8864064819045177,189
Ligustrazine,2.146701890860448,2.1436835409690875,141
Lipoic acid,1.4547964129436677,1.428144845049923,192
Lonafarnib,2.4968231026813097,2.7627399389431746,130
Loperamide (hydrochloride),2.17808228111054,2.1540136319482053,144
Lopinavir,2.0889607981035025,2.03028571474583,141
Lucanthone,3.175103375011675,2.5969519767144704,144
Lumateperone (tosylate),1.5812560003210407,1.4787957125520608,192
MK-3903,3.3143623831855225,3.2437139967612643,142
MK-8353,1.7302896555329017,1.7796428793512669,143
ML264,3.339788558712871,3.175926257809387,143
Macitentan,1.1330447493677498,1.4330059907679995,143
Malotilate,3.1329905284595214,2.813653841148605,192
Mebendazole,2.4689822175062126,2.4458357744956256,144
Medroxyprogesterone acetate,2.535464380356932,2.5204841697726583,192
Megestrol,2.244474297504488,2.222055728034817,192
Meloxicam,1.6335939809330875,1.4817804990776717,144
Menadione,1.8559166763878567,1.957502451747955,141
Methotrexate,1.569891106670082,1.5516098254678359,143
Methyl aminolevulinate (hydrochloride),2.183249711279661,2.2428537620817077,144
Methylprednisolone succinate,2.6487183999507673,2.906446230883869,144
Methylthiouracil,1.4412103277342196,1.4258056260170517,144
Mifepristone,2.0012242582951316,1.9468668859812097,142
Minodronic acid,2.2048109267595373,2.040976978152786,143
Mitoxantrone (dihydrochloride),2.9148253953788874,3.098914664395203,190
Monocrotaline,2.3186846878660603,2.3095289604884166,141
Mozavaptan,1.931091405202388,1.8656066647557945,141
NG25,2.3816830172340886,2.5046208389388087,142
NVP-BHG712,2.944678593685709,3.1173454044265694,142
Nafamostat (mesylate),1.932889766833351,1.9988489091328934,143
Naproxen,1.5501635912076486,1.36649630005503,189
Neratinib,2.0933563417350607,2.002476192319515,142
Neratinib (maleate),2.6189720632899762,2.5648914154930473,192
Nevirapine,2.007688301994188,2.115263088710606,142
Niclosamide (olamine),2.802675163785689,3.0370295440396538,142
Nimesulide,1.217714777196507,1.2678763602936083,48
Norepinephrine (hydrochloride),2.1756722601998297,2.0614300042866485,192
OTS514,2.6957906179785107,2.702893063432352,140
Olanzapine,1.6227359791913187,1.5866295730200957,192
Oleic acid,2.2281656287161913,2.1298546277269326,144
Omeprazole,1.534048853285938,1.4567597064541864,143
Omeprazole (sodium),1.896466294008549,1.8765299695593467,143
Orlistat,2.3463869941128177,2.3402570854264417,142
Ornidazole,1.5667613626937622,1.5223298827019665,48
Osimertinib (mesylate),2.226174656693173,1.9312225194455686,142
Ouabain (Octahydrate),4.528768670085856,4.377167517666962,143
Oxaliplatin,1.9595207276474995,1.842185586587107,144
Oxaprozin,2.6601794049673315,2.5422611079162842,143
PF-06260933,3.0526771008064872,2.983114017249849,141
PH-797804,4.309502423695162,3.852441782868203,143
Paclitaxel,3.0032112969372013,3.204873353495619,144
Palmatine (chloride),2.1473950353642595,2.1106410877165382,192
Panobinostat,4.73372223194154,4.584552377223693,144
Pasireotide (acetate),2.534039283204721,2.4374584065852223,192
Pemetrexed,2.220300450326561,2.1486160334630116,140
Pemigatinib,2.11988178381223,2.036063747447624,109
Penfluridol,2.0815494582626717,2.114308487461246,141
Pentagastrin,2.090005190891083,2.0701060581256936,192
Pentamidine (isethionate),2.0418546667438373,2.0440643319919007,237
Pentoxifylline,2.3752900715937173,2.288873303662987,144
Peretinoin,2.995592349630484,2.844689656061855,141
Perindopril (erbumine),1.433762129397012,1.357534025533682,143
Pexidartinib (hydrochloride),3.091558536589766,2.644916318479605,142
Phenylephrine (hydrochloride),2.182258407230772,2.187674596746938,144
Phenytoin (sodium),2.0727724779941235,1.8313381843782122,140
Pimitespib,2.550340070551604,2.564203632631103,142
Pimozide,2.2787599689749145,2.1918679858768506,140
Pioglitazone,2.302205907208379,2.0068416475157846,143
Piroxicam,1.9151854043229921,2.0581562382198832,144
Pitavastatin (Calcium),2.58169530073588,2.7517228200214205,140
Plicamycin,1.3702027841288804,1.231458199159323,48
Ponatinib,2.7825736000856307,2.854235134588344,143
Posaconazole,2.3561397564034015,2.495216311366184,143
Pralsetinib,2.7624141086070835,2.829000621162893,189
Pravastatin (sodium),2.172633076000456,2.2238942826518526,191
Procainamide (hydrochloride),2.0866138966888643,2.0289829500918164,141
Proglumide,1.5608282039343806,1.5581803421040328,142
Pyridoxine,1.9529954284668638,1.9588565006769745,186
Pyridoxine (hydrochloride),2.228428401420594,2.3633304287572052,192
Quinestrol,2.1577103813222083,2.0750549487436976,192
Quinidine (15% dihydroquinidine),2.38966194837282,2.356365633701417,143
RMC-6236,2.9118475952824387,3.2213088414869664,144
Radotinib,2.562459174244668,2.575984026138693,190
Ralimetinib dimesylate,3.5539348288662613,3.3999475151089658,142
Raltitrexed,1.734140450995079,1.639242234779344,190
Ranolazine,2.021972819019939,1.9836697147971474,144
Rapamycin,2.3600689978261506,2.2921441801815994,192
Regorafenib,2.315038244050691,2.2678851222122405,191
Relugolix,2.006378134458559,1.817304370840598,192
Resveratrol,2.289172899526688,2.1866261034025603,191
Retinoic acid,2.418595814079784,2.4458913727485987,192
Ribociclib,1.0372165974454526,0.9740919480465609,48
Rifaximin,1.4990231431233667,1.730065261866105,142
Riluzole hydrochloride,2.0002184990893737,1.983983955703924,192
Rimonabant,1.4894318775710715,1.4053469180364264,192
Rimonabant (Hydrochloride),1.0519825294425726,0.9313710056560388,48
Ritonavir,2.4510743812888838,2.4496277966191777,192
Ropivacaine (hydrochloride monohydrate),2.662740139405356,2.6224493395667667,190
Rosiglitazone,1.8236693854611468,1.7335735194017539,142
Roxadustat,3.096448705621019,3.006177798051807,141
Rucaparib (phosphate),2.201386523528817,2.1259488072593475,144
Rutin (trihydrate),2.940049560143453,2.44964640198307,143
S-Adenosyl-L-methionine (disulfate tosylate),1.7789481207852753,1.773139623724572,192
SBI-0640756,2.332409188204768,2.3298792737568874,95
Sacubitril/Valsartan,2.564394513887989,2.501281090851758,143
Salicylic acid,2.124603619972798,2.078407648489581,190
Sapanisertib,4.36401540041485,3.965340602589263,144
Saquinavir,2.5326391375262474,2.4597060421945502,190
Selinexor ,2.9645722157549708,2.9734192684905305,188
Sildenafil,2.418253781265382,2.5490900009447293,142
Silodosin,1.2632318266723193,1.1053588027198,140
Simotinib,1.5471907636550706,1.4959282722248537,140
Sinomenine,1.908249667347317,1.8979147098061102,192
Sivelestat (sodium tetrahydrate),2.9203733920604327,2.620473935561262,143
Sodium Salicylate,2.4582780326822924,2.4043194757040274,192
Sonidegib,3.076758123576707,3.413530769246564,139
Sulfatinib,1.870975977436139,1.8395775607399885,142
Sulfisoxazole,2.1080116731930967,2.11519162073566,239
Sunitinib,2.6323937116350287,2.445362377696482,142
TAK-733,2.664135426134285,2.663307478065089,141
TAK-901,4.388937302233005,4.701795414994356,142
Tadalafil,2.1632370186694523,2.4581388429161217,142
Talc,1.7382688284901695,1.7862502634661177,142
Tazarotene,2.5088119901222,2.517589483054722,144
Temsirolimus,2.388161110511302,2.2587587468838257,191
Temuterkib,3.4107309829862302,3.2879047176478045,143
Terfenadine,2.6377931469725056,2.3556657182166587,235
Tetracycline (hydrochloride),2.422504220558759,2.327795197606122,143
Thymol,2.2534665426864446,2.1829386780495454,190
Thymopentin,2.002013426613621,2.3502012130865255,141
Tirabrutinib,3.428885568709298,3.225076954783871,144
Tirabrutinib (hydrochloride),2.8234518336951817,2.709540204675422,144
Tofacitinib,2.5328038901210634,2.529822191482044,191
Tofacitinib (citrate),2.468496627402705,2.437309850257417,192
Tolcapone,1.9613383624739198,1.8101967993353698,192
Tolmetin,1.7549882753112802,1.846538898287983,143
Tomivosertib,3.307994170656584,2.9540126044619432,144
Topotecan (hydrochloride),2.820258008282608,2.9357986684129176,187
Torkinib,3.0266108566388046,2.962166438136957,139
Trametinib,2.9434501498314454,3.031062018273506,286
Trametinib (DMSO_TF solvate),3.4316820526507916,3.237463613247377,143
Tranilast,1.938064819466969,1.9680395331430298,143
Triamcinolone,2.399006675253526,2.355869301922515,192
Triclosan,2.089716095061164,2.0296797001875,192
Trifluridine,1.779901186554342,1.824161025565477,192
Trimetrexate,2.355919566459068,2.345494516762201,192
Tubulin inhibitor 6,1.8916514390803763,1.850623169346904,143
Tucatinib,2.1678896778191596,2.0772431082697684,144
Tucidinostat,2.947776500636927,2.949662670672892,192
ULK-101,2.6127957543716134,2.8789753239443456,141
Uridine,1.4689514196185813,1.3938384519333302,144
Valdecoxib,1.466220456913005,1.415289618244746,140
Vandetanib,2.537795236132929,2.564999529648468,143
Vemurafenib,2.6470728814726927,2.6767822354993767,144
Verapamil,1.9202343181106891,2.0530056203516653,142
Verteporfin,2.6614623564213478,2.7360919793971887,143
Vilanterol,2.61961107120972,2.4020456839852034,190
Vinblastine (sulfate),3.1206502021655136,3.120372451526358,191
Vismodegib,1.6121580407966511,1.4515115721653822,141
Vitamin K4,1.9817975972088928,1.9559628815948997,144
Volasertib,2.0826556507411977,2.0363695095088654,142
Voriconazole,1.8527435570293063,1.7461027384479313,143
Vortioxetine,2.255171470754879,2.2385926120829653,143
XRK3F2,3.791954158639756,3.3957616266795667,141
Zileuton,1.6964016063939167,1.780602794348557,143
c-Kit-IN-1,3.185100106625787,3.3157732614353552,142
crizotinib,2.4714174859568967,2.546768424740586,143
olaparib,2.6129548619440257,2.602723105267774,144
palbociclib,2.689831848823384,2.682713305854986,140
venetoclax,2.9707720819314596,3.09379727231009,143
vincristine,3.6220091526758047,3.38523216799098,140
γ-Oryzanol,1.5750996898401517,1.4088526665544114,143
